,Building,Date,Attendance,Year,Month,Week,Lag1,Lag4,Roll4,Delta1,Delta4,IsSummer,IsHolidaySeason,ChurchEvent,IsFastSunday
,Avon 2nd Ward,1/7/2024,158.00,2024.00,1,1,0,0,0,0,0,0,0,None,1
,Avon 2nd Ward,1/21/2024,143.00,2024.00,1,4,158,0,0,158.00,0,0,0,None,0
,Avon 2nd Ward,1/28/2024,139.00,2024.00,1,5,143,0,0,-15.00,0,0,0,None,0
,Avon 2nd Ward,2/4/2024,147.00,2024.00,2,6,139,0,0,-4.00,0,0,0,None,1
,Avon 2nd Ward,2/11/2024,142.00,2024.00,2,7,147,158,146.75,8.00,-16,0,0,None,0
,Avon 2nd Ward,2/18/2024,139.00,2024.00,2,8,142,143,142.75,-5.00,-4,0,0,None,0
,Avon 2nd Ward,2/25/2024,162.00,2024.00,2,9,139,139,141.75,-3.00,23,0,0,None,0
,Avon 2nd Ward,3/3/2024,175.00,2024.00,3,10,162,147,147.5,23.00,28,0,0,None,1
,Avon 2nd Ward,3/10/2024,153.00,2024.00,3,11,175,142,154.5,13.00,11,0,0,None,0
,Avon 2nd Ward,3/17/2024,149.00,2024.00,3,12,153,139,157.25,-22.00,10,0,0,None,0
,Avon 2nd Ward,3/24/2024,158.00,2024.00,3,13,149,162,159.75,-4.00,-4,0,0,Palm Sunday,0
,Avon 2nd Ward,3/31/2024,171.00,2024.00,3,14,158,175,158.75,9.00,-4,0,0,Easter,0
,Avon 2nd Ward,4/14/2024,147.00,2024.00,4,16,171,153,157.75,13.00,-6,0,0,None,0
,Avon 2nd Ward,4/21/2024,175.00,2024.00,4,17,147,149,156.25,-24.00,26,0,0,None,0
,Avon 2nd Ward,4/28/2024,163.00,2024.00,4,18,175,158,162.75,28.00,5,0,0,None,0
,Avon 2nd Ward,5/5/2024,225.00,2024.00,5,19,163,171,164,-12.00,54,0,0,None,1
,Avon 2nd Ward,5/12/2024,164.00,2024.00,5,20,225,147,177.5,62.00,17,0,0,Mothers Day,0
,Avon 2nd Ward,6/9/2024,147.00,2024.00,6,24,164,175,181.75,-61.00,-28,1,0,None,0
,Avon 2nd Ward,6/16/2024,153.00,2024.00,6,25,147,163,174.75,-17.00,-10,1,0,Fathers Day,0
,Avon 2nd Ward,6/30/2024,129.00,2024.00,6,27,153,225,172.25,6.00,-96,1,0,None,0
,Avon 2nd Ward,7/7/2024,145.00,2024.00,7,28,129,164,148.25,-24.00,-19,1,0,None,1
,Avon 2nd Ward,7/14/2024,158.00,2024.00,7,29,145,147,143.5,16.00,11,1,0,None,0
,Avon 2nd Ward,7/21/2024,156.00,2024.00,7,30,158,153,146.25,13.00,3,1,0,None,0
,Avon 2nd Ward,7/28/2024,154.00,2024.00,7,31,156,129,147,-2.00,25,1,0,None,0
,Avon 2nd Ward,8/4/2024,169.00,2024.00,8,32,154,145,153.25,-2.00,24,1,0,None,1
,Avon 2nd Ward,8/11/2024,158.00,2024.00,8,33,169,158,159.25,15.00,0,1,0,None,0
,Avon 2nd Ward,8/18/2024,127.00,2024.00,8,34,158,156,159.25,-11.00,-29,1,0,None,0
,Avon 2nd Ward,8/25/2024,123.00,2024.00,8,35,127,154,152,-31.00,-31,1,0,None,0
,Avon 2nd Ward,9/1/2024,138.00,2024.00,9,36,123,169,144.25,-4.00,-31,0,0,None,1
,Avon 2nd Ward,9/8/2024,137.00,2024.00,9,37,138,158,136.5,15.00,-21,0,0,None,0
,Avon 2nd Ward,9/15/2024,146.00,2024.00,9,38,137,127,131.25,-1.00,19,0,0,None,0
,Avon 2nd Ward,9/22/2024,153.00,2024.00,9,39,146,123,136,9.00,30,0,0,None,0
,Avon 2nd Ward,9/29/2024,200.00,2024.00,9,40,153,138,143.5,7.00,62,0,0,None,0
,Avon 2nd Ward,10/13/2024,154.00,2024.00,10,42,200,137,159,47.00,17,0,0,None,0
,Avon 2nd Ward,10/20/2024,155.00,2024.00,10,43,154,146,163.25,-46.00,9,0,0,None,0
,Avon 2nd Ward,10/27/2024,174.00,2024.00,10,44,155,153,165.5,1.00,21,0,0,None,0
,Avon 2nd Ward,11/3/2024,160.00,2024.00,11,45,174,200,170.75,19.00,-40,0,1,None,1
,Avon 2nd Ward,11/17/2024,137.00,2024.00,11,47,160,154,160.75,-14.00,-17,0,1,None,0
,Avon 2nd Ward,11/24/2024,175.00,2024.00,11,48,137,155,156.5,-23.00,20,0,1,None,0
,Avon 2nd Ward,12/1/2024,158.00,2024.00,12,49,175,174,161.5,38.00,-16,0,1,None,1
,Avon 2nd Ward,12/8/2024,143.00,2024.00,12,50,158,160,157.5,-17.00,-17,0,1,None,0
,Avon 2nd Ward,12/15/2024,128.00,2024.00,12,51,143,137,153.25,-15.00,-9,0,1,None,0
,Avon 2nd Ward,12/22/2024,180.00,2024.00,12,52,128,175,151,-15.00,5,0,1,None,0
,Avon 2nd Ward,12/29/2024,154.00,2024.00,12,53,180,158,152.25,52.00,-4,0,1,None,0
,Avon 2nd Ward,1/12/2025,173.00,2025.00,1,3,154,143,151.25,-26.00,30,0,0,None,0
,Avon 2nd Ward,1/19/2025,161.00,2025.00,1,4,173,128,158.75,19.00,33,0,0,None,0
,Avon 2nd Ward,1/26/2025,167.00,2025.00,1,5,161,180,167,-12.00,-13,0,0,None,0
,Avon 2nd Ward,2/2/2025,185.00,2025.00,2,6,167,154,163.75,6.00,31,0,0,None,1
,Avon 2nd Ward,2/9/2025,158.00,2025.00,2,7,185,173,171.5,18.00,-15,0,0,None,0
,Avon 2nd Ward,2/23/2025,218.00,2025.00,2,9,158,161,167.75,-27.00,57,0,0,None,0
,Avon 2nd Ward,3/2/2025,149.00,2025.00,3,10,218,167,182,60.00,-18,0,0,None,1
,Avon 2nd Ward,3/9/2025,150.00,2025.00,3,11,149,185,177.5,-69.00,-35,0,0,None,0
,Avon 2nd Ward,3/16/2025,153.00,2025.00,3,12,150,158,168.75,1.00,-5,0,0,None,0
,Avon 2nd Ward,3/23/2025,163.00,2025.00,3,13,153,218,167.5,3.00,-55,0,0,None,0
,Avon 2nd Ward,3/30/2025,162.00,2025.00,3,14,163,149,153.75,10.00,13,0,0,None,0
,Avon 2nd Ward,4/13/2025,175.00,2025.00,4,16,162,150,157,-1.00,25,0,0,Palm Sunday,0
,Avon 2nd Ward,4/20/2025,202.00,2025.00,4,17,175,153,163.25,13.00,49,0,0,Easter,0
,Avon 2nd Ward,4/27/2025,179.00,2025.00,4,18,202,163,175.5,27.00,16,0,0,None,0
,Avon 2nd Ward,5/4/2025,162.00,2025.00,5,19,179,162,179.5,-23.00,0,0,0,None,1
,Avon 2nd Ward,5/11/2025,155.00,2025.00,5,20,162,175,179.5,-17.00,-20,0,0,Mothers Day,0
,Avon 2nd Ward,5/25/2025,156.00,2025.00,5,22,155,202,174.5,-7.00,-46,0,0,None,0
,Avon 2nd Ward,6/1/2025,141.00,2025.00,6,23,156,179,163,1.00,-38,1,0,None,1
,Avon 2nd Ward,6/8/2025,151.00,2025.00,6,24,141,162,153.5,-15.00,-11,1,0,None,0
,Avon 2nd Ward,6/15/2025,173.00,2025.00,6,25,151,155,150.75,10.00,18,1,0,Fathers Day,0
,Avon 2nd Ward,6/22/2025,138.00,2025.00,6,26,173,156,155.25,22.00,-18,1,0,None,0
,Avon 2nd Ward,6/29/2025,144.00,2025.00,6,27,138,141,150.75,-35.00,3,1,0,None,0
,Avon 2nd Ward,7/6/2025,145.00,2025.00,7,28,144,151,151.5,6.00,-6,1,0,None,1
,Avon 2nd Ward,7/13/2025,170.00,2025.00,7,29,145,173,150,1.00,-3,1,0,None,0
,Avon 2nd Ward,7/20/2025,148.00,2025.00,7,30,170,138,149.25,25.00,10,1,0,None,0
,Avon 2nd Ward,7/27/2025,146.00,2025.00,7,31,148,144,151.75,-22.00,2,1,0,None,0
,Avon 2nd Ward,8/3/2025,170.00,2025.00,8,32,146,145,152.25,-2.00,25,1,0,None,1
,Avon 2nd Ward,8/10/2025,176.00,2025.00,8,33,170,170,158.5,24.00,6,1,0,None,0
,Avon 2nd Ward,8/17/2025,170.00,2025.00,8,34,176,148,160,6.00,22,1,0,None,0
,Avon 2nd Ward,8/24/2025,173.00,2025.00,8,35,170,146,165.5,-6.00,27,1,0,None,0
,Avon 2nd Ward,8/31/2025,173.00,2025.00,8,36,173,170,172.25,3.00,3,1,0,None,0
,Avon 2nd Ward,9/7/2025,187.00,2025.00,9,37,173,176,173,0.00,11,0,0,None,1
,,,,,,,,,,,,,,,
,,,,,,,,,,,,,,,
,,,,,,,,,,,,,,,
,,,,,,,,,,,,,,,
,,,,,,,,,,,,,,,
,,,,,,,,,,,,,,,
,,,,,,,,,,,,,,,
,,,,,,,,,,,,,,,
,,,,,,,,,,,,,,,
,,,,,,,,,,,,,,,
,,,,,,,,,,,,,,,
,,,,,,,,,,,,,,,
,,,,,,,,,,,,,,,
,,,,,,,,,,,,,,,
,,,,,,,,,,,,,,,
,,,,,,,,,,,,,,,
,,,,,,,,,,,,,,,
,,,,,,,,,,,,,,,
,,,,,,,,,,,,,,,
,,,,,,,,,,,,,,,
,,,,,,,,,,,,,,,
,,,,,,,,,,,,,,,
,,,,,,,,,,,,,,,
,,,,,,,,,,,,,,,
,,,,,,,,,,,,,,,
,,,,,,,,,,,,,,,
,,,,,,,,,,,,,,,
,,,,,,,,,,,,,,,
,,,,,,,,,,,,,,,
