date,attendance,year,month,week,lag1,lag4,roll4,delta1,delta4,is_summer,is_holiday_season,church_event,is_fast_sunday
2024-01-07,158,2024,1,1,0.0,0.0,0.0,0.0,0.0,0,0,None,1
2024-01-21,143,2024,1,4,158.0,0.0,0.0,158.0,0.0,0,0,None,0
2024-01-28,139,2024,1,5,143.0,0.0,0.0,-15.0,0.0,0,0,None,0
2024-02-04,147,2024,2,6,139.0,0.0,0.0,-4.0,0.0,0,0,None,1
2024-02-11,142,2024,2,7,147.0,158.0,146.75,8.0,-16.0,0,0,None,0
2024-02-18,139,2024,2,8,142.0,143.0,142.75,-5.0,-4.0,0,0,None,0
2024-02-25,162,2024,2,9,139.0,139.0,141.75,-3.0,23.0,0,0,None,0
2024-03-03,175,2024,3,10,162.0,147.0,147.5,23.0,28.0,0,0,None,1
2024-03-10,153,2024,3,11,175.0,142.0,154.5,13.0,11.0,0,0,None,0
2024-03-17,149,2024,3,12,153.0,139.0,157.25,-22.0,10.0,0,0,None,0
2024-03-24,158,2024,3,13,149.0,162.0,159.75,-4.0,-4.0,0,0,Palm Sunday,0
2024-03-31,171,2024,3,14,158.0,175.0,158.75,9.0,-4.0,0,0,Easter,0
2024-04-14,147,2024,4,16,171.0,153.0,157.75,13.0,-6.0,0,0,None,0
2024-04-21,175,2024,4,17,147.0,149.0,156.25,-24.0,26.0,0,0,None,0
2024-04-28,163,2024,4,18,175.0,158.0,162.75,28.0,5.0,0,0,None,0
2024-05-05,225,2024,5,19,163.0,171.0,164.0,-12.0,54.0,0,0,None,1
2024-05-12,164,2024,5,20,225.0,147.0,177.5,62.0,17.0,0,0,Mothers Day,0
2024-06-09,147,2024,6,24,164.0,175.0,181.75,-61.0,-28.0,1,0,None,0
2024-06-16,153,2024,6,25,147.0,163.0,174.75,-17.0,-10.0,1,0,Fathers Day,0
2024-06-30,129,2024,6,27,153.0,225.0,172.25,6.0,-96.0,1,0,None,0
2024-07-07,145,2024,7,28,129.0,164.0,148.25,-24.0,-19.0,1,0,None,1
2024-07-14,158,2024,7,29,145.0,147.0,143.5,16.0,11.0,1,0,None,0
2024-07-21,156,2024,7,30,158.0,153.0,146.25,13.0,3.0,1,0,None,0
2024-07-28,154,2024,7,31,156.0,129.0,147.0,-2.0,25.0,1,0,None,0
2024-08-04,169,2024,8,32,154.0,145.0,153.25,-2.0,24.0,1,0,None,1
2024-08-11,158,2024,8,33,169.0,158.0,159.25,15.0,0.0,1,0,None,0
2024-08-18,127,2024,8,34,158.0,156.0,159.25,-11.0,-29.0,1,0,None,0
2024-08-25,123,2024,8,35,127.0,154.0,152.0,-31.0,-31.0,1,0,None,0
2024-09-01,138,2024,9,36,123.0,169.0,144.25,-4.0,-31.0,0,0,None,1
2024-09-08,137,2024,9,37,138.0,158.0,136.5,15.0,-21.0,0,0,None,0
2024-09-15,146,2024,9,38,137.0,127.0,131.25,-1.0,19.0,0,0,None,0
2024-09-22,153,2024,9,39,146.0,123.0,136.0,9.0,30.0,0,0,None,0
2024-09-29,200,2024,9,40,153.0,138.0,143.5,7.0,62.0,0,0,None,0
2024-10-13,154,2024,10,42,200.0,137.0,159.0,47.0,17.0,0,0,None,0
2024-10-20,155,2024,10,43,154.0,146.0,163.25,-46.0,9.0,0,0,None,0
2024-10-27,174,2024,10,44,155.0,153.0,165.5,1.0,21.0,0,0,None,0
2024-11-03,160,2024,11,45,174.0,200.0,170.75,19.0,-40.0,0,1,None,1
2024-11-17,137,2024,11,47,160.0,154.0,160.75,-14.0,-17.0,0,1,None,0
2024-11-24,175,2024,11,48,137.0,155.0,156.5,-23.0,20.0,0,1,None,0
2024-12-01,158,2024,12,49,175.0,174.0,161.5,38.0,-16.0,0,1,None,1
2024-12-08,143,2024,12,50,158.0,160.0,157.5,-17.0,-17.0,0,1,None,0
2024-12-15,128,2024,12,51,143.0,137.0,153.25,-15.0,-9.0,0,1,None,0
2024-12-22,180,2024,12,52,128.0,175.0,151.0,-15.0,5.0,0,1,None,0
2024-12-29,154,2024,12,53,180.0,158.0,152.25,52.0,-4.0,0,1,None,0
2025-01-12,173,2025,1,3,154.0,143.0,151.25,-26.0,30.0,0,0,None,0
2025-01-19,161,2025,1,4,173.0,128.0,158.75,19.0,33.0,0,0,None,0
2025-01-26,167,2025,1,5,161.0,180.0,167.0,-12.0,-13.0,0,0,None,0
2025-02-02,185,2025,2,6,167.0,154.0,163.75,6.0,31.0,0,0,None,1
2025-02-09,158,2025,2,7,185.0,173.0,171.5,18.0,-15.0,0,0,None,0
2025-02-23,218,2025,2,9,158.0,161.0,167.75,-27.0,57.0,0,0,None,0
2025-03-02,149,2025,3,10,218.0,167.0,182.0,60.0,-18.0,0,0,None,1
2025-03-09,150,2025,3,11,149.0,185.0,177.5,-69.0,-35.0,0,0,None,0
2025-03-16,153,2025,3,12,150.0,158.0,168.75,1.0,-5.0,0,0,None,0
2025-03-23,163,2025,3,13,153.0,218.0,167.5,3.0,-55.0,0,0,None,0
2025-03-30,162,2025,3,14,163.0,149.0,153.75,10.0,13.0,0,0,None,0
2025-04-13,175,2025,4,16,162.0,150.0,157.0,-1.0,25.0,0,0,Palm Sunday,0
2025-04-20,202,2025,4,17,175.0,153.0,163.25,13.0,49.0,0,0,Easter,0
2025-04-27,179,2025,4,18,202.0,163.0,175.5,27.0,16.0,0,0,None,0
2025-05-04,162,2025,5,19,179.0,162.0,179.5,-23.0,0.0,0,0,None,1
2025-05-11,155,2025,5,20,162.0,175.0,179.5,-17.0,-20.0,0,0,Mothers Day,0
2025-05-25,156,2025,5,22,155.0,202.0,174.5,-7.0,-46.0,0,0,None,0
2025-06-01,141,2025,6,23,156.0,179.0,163.0,1.0,-38.0,1,0,None,1
2025-06-08,151,2025,6,24,141.0,162.0,153.5,-15.0,-11.0,1,0,None,0
2025-06-15,173,2025,6,25,151.0,155.0,150.75,10.0,18.0,1,0,Fathers Day,0
2025-06-22,138,2025,6,26,173.0,156.0,155.25,22.0,-18.0,1,0,None,0
2025-06-29,144,2025,6,27,138.0,141.0,150.75,-35.0,3.0,1,0,None,0
2025-07-06,145,2025,7,28,144.0,151.0,151.5,6.0,-6.0,1,0,None,1
2025-07-13,170,2025,7,29,145.0,173.0,150.0,1.0,-3.0,1,0,None,0
2025-07-20,148,2025,7,30,170.0,138.0,149.25,25.0,10.0,1,0,None,0
2025-07-27,146,2025,7,31,148.0,144.0,151.75,-22.0,2.0,1,0,None,0
2025-08-03,170,2025,8,32,146.0,145.0,152.25,-2.0,25.0,1,0,None,1
2025-08-10,176,2025,8,33,170.0,170.0,158.5,24.0,6.0,1,0,None,0
2025-08-17,170,2025,8,34,176.0,148.0,160.0,6.0,22.0,1,0,None,0
2025-08-24,173,2025,8,35,170.0,146.0,165.5,-6.0,27.0,1,0,None,0
2025-08-31,173,2025,8,36,173.0,170.0,172.25,3.0,3.0,1,0,None,0
2025-09-07,187,2025,9,37,173.0,176.0,173.0,0.0,11.0,0,0,None,1
